-- MySQL dump 10.13  Distrib 5.1.50, for Win32 (ia32)
--
-- Host: 10.67.0.11    Database: teste_wk
-- ------------------------------------------------------
-- Server version	5.5.50-0ubuntu0.12.04.1-log

/*!40101 SET @OLD_CHARACTER_SET_CLIENT=@@CHARACTER_SET_CLIENT */;
/*!40101 SET @OLD_CHARACTER_SET_RESULTS=@@CHARACTER_SET_RESULTS */;
/*!40101 SET @OLD_COLLATION_CONNECTION=@@COLLATION_CONNECTION */;
/*!40101 SET NAMES utf8 */;
/*!40103 SET @OLD_TIME_ZONE=@@TIME_ZONE */;
/*!40103 SET TIME_ZONE='+00:00' */;
/*!40014 SET @OLD_UNIQUE_CHECKS=@@UNIQUE_CHECKS, UNIQUE_CHECKS=0 */;
/*!40014 SET @OLD_FOREIGN_KEY_CHECKS=@@FOREIGN_KEY_CHECKS, FOREIGN_KEY_CHECKS=0 */;
/*!40101 SET @OLD_SQL_MODE=@@SQL_MODE, SQL_MODE='NO_AUTO_VALUE_ON_ZERO' */;
/*!40111 SET @OLD_SQL_NOTES=@@SQL_NOTES, SQL_NOTES=0 */;

--
-- Table structure for table `customers`
--

DROP TABLE IF EXISTS `customers`;
/*!40101 SET @saved_cs_client     = @@character_set_client */;
/*!40101 SET character_set_client = utf8 */;
CREATE TABLE `customers` (
  `code` int(11) NOT NULL AUTO_INCREMENT,
  `name` varchar(50) NOT NULL,
  `city` varchar(50) DEFAULT '',
  `state` char(2) DEFAULT '',
  `created_at` timestamp NOT NULL DEFAULT '0000-00-00 00:00:00',
  `updated_at` timestamp NOT NULL DEFAULT CURRENT_TIMESTAMP ON UPDATE CURRENT_TIMESTAMP,
  PRIMARY KEY (`code`)
) ENGINE=InnoDB AUTO_INCREMENT=99306 DEFAULT CHARSET=latin1;
/*!40101 SET character_set_client = @saved_cs_client */;

--
-- Dumping data for table `customers`
--

LOCK TABLES `customers` WRITE;
/*!40000 ALTER TABLE `customers` DISABLE KEYS */;
INSERT INTO `customers` VALUES (305,'305 LEANDRO','MAUÁ','SP','2021-08-24 23:24:17','2021-08-25 19:39:45'),(1305,'1305 CLIENTE X1305','OLINDA','PE','2021-08-24 23:24:17','2021-08-25 19:39:45'),(2305,'2305 CLIENTE X2305','UBATUBA','SP','2021-08-24 23:24:17','2021-08-25 19:39:45'),(3305,'3305 CLIENTE X3305','RIO DE JANEIRO','RJ','2021-08-24 23:24:17','2021-08-25 19:39:45'),(4305,'4305 CLIENTE X4305','RIO DE JANEIRO','RJ','2021-08-24 23:24:17','2021-08-25 19:39:45'),(5305,'5305 CLIENTE X5305','PAULÍNIA','SP','2021-08-24 23:24:17','2021-08-25 19:39:45'),(6305,'6305 CLIENTE X6305','SANTO ANDRÉ','SP','2021-08-24 23:24:17','2021-08-25 19:39:45'),(7305,'7305 CLIENTE X7305','RIO DE JANEIRO','RJ','2021-08-24 23:24:17','2021-08-25 19:39:45'),(8305,'8305 CLIENTE X8305','SANTO ANDRÉ','SP','2021-08-24 23:24:17','2021-08-25 19:39:45'),(9305,'9305 CLIENTE X9305','MACEIÓ','AL','2021-08-24 23:24:17','2021-08-25 19:39:45'),(10305,'10305 CLIENTE X10305','NATAL','RN','2021-08-24 23:24:17','2021-08-25 19:39:45'),(11305,'11305 CLIENTE X11305','LONDRINA','PR','2021-08-24 23:24:17','2021-08-25 19:39:45'),(12305,'12305 CLIENTE X12305','BRASÍLIA','DF','2021-08-24 23:24:17','2021-08-25 19:39:45'),(13305,'13305 CLIENTE X13305','BRASÍLIA','DF','2021-08-24 23:24:17','2021-08-25 19:39:45'),(14305,'14305 CLIENTE X14305','RIO DE JANEIRO','RJ','2021-08-24 23:24:17','2021-08-25 19:39:45'),(15305,'15305 CLIENTE X15305','VILA VELHA','ES','2021-08-24 23:24:17','2021-08-25 19:39:45'),(16305,'16305 CLIENTE X16305','SÃO PAULO','SP','2021-08-24 23:24:17','2021-08-25 19:39:45'),(17305,'17305 CLIENTE X17305','UBERABA','MG','2021-08-24 23:24:17','2021-08-25 19:39:45'),(18305,'18305 CLIENTE X18305','CABEDELO','PB','2021-08-24 23:24:17','2021-08-25 19:39:45'),(19305,'19305 CLIENTE X19305','ARACAJU','SE','2021-08-24 23:24:17','2021-08-25 19:39:45'),(20305,'20305 CLIENTE X20305','Salto','SP','2021-08-24 23:24:17','2021-08-25 19:39:45'),(21305,'21305 CLIENTE X21305','PARNAMIRIM','RN','2021-08-24 23:24:17','2021-08-25 19:39:45'),(22305,'22305 CLIENTE X22305','UBERLÂNDIA','MG','2021-08-24 23:24:17','2021-08-25 19:39:45'),(23305,'23305 CLIENTE X23305','GUARULHOS','SP','2021-08-24 23:24:17','2021-08-25 19:39:45'),(24305,'24305 CLIENTE X24305','PORTO ALEGRE','RS','2021-08-24 23:24:17','2021-08-25 19:39:45'),(25305,'25305 CLIENTE X25305','SALVADOR','BA','2021-08-24 23:24:17','2021-08-25 19:39:45'),(26305,'26305 CLIENTE X26305','SÃO PAULO','SP','2021-08-24 23:24:17','2021-08-25 19:39:45'),(27305,'27305 CLIENTE X27305','BRASÍLIA','DF','2021-08-24 23:24:17','2021-08-25 19:39:45'),(28305,'28305 CLIENTE X28305','RIO DE JANEIRO','RJ','2021-08-24 23:24:17','2021-08-25 19:39:45'),(29305,'29305 CLIENTE X29305','GOIÂNIA','GO','2021-08-24 23:24:17','2021-08-25 19:39:45'),(30305,'30305 CLIENTE X30305','SÃO PAULO','SP','2021-08-24 23:24:17','2021-08-25 19:39:45'),(31305,'31305 CLIENTE X31305','FLORIANÓPOLIS','SC','2021-08-24 23:24:17','2021-08-25 19:39:45'),(32305,'32305 CLIENTE X32305','CAMPINA GRANDE','PB','2021-08-24 23:24:17','2021-08-25 19:39:45'),(33305,'33305 CLIENTE X33305','CURITIBA','PR','2021-08-24 23:24:17','2021-08-25 19:39:45'),(34305,'34305 CLIENTE X34305','Belo Horizonte','MG','2021-08-24 23:24:17','2021-08-25 19:39:45'),(35305,'35305 CLIENTE X35305','RIO DE JANEIRO','RJ','2021-08-24 23:24:17','2021-08-25 19:39:45'),(36305,'36305 CLIENTE X36305','VILA VELHA','ES','2021-08-24 23:24:17','2021-08-25 19:39:45'),(37305,'37305 CLIENTE X37305','BELO HORIZONTE','MG','2021-08-24 23:24:17','2021-08-25 19:39:45'),(38305,'38305 CLIENTE X38305','PONTA GROSSA','PR','2021-08-24 23:24:17','2021-08-25 19:39:45'),(39305,'39305 CLIENTE X39305','CURITIBA','PR','2021-08-24 23:24:17','2021-08-25 19:39:45'),(40305,'40305 CLIENTE X40305','SANTO ANDRÉ','SP','2021-08-24 23:24:17','2021-08-25 19:39:45'),(41305,'41305 CLIENTE X41305','SANTO ANDRÉ','SP','2021-08-24 23:24:17','2021-08-25 19:39:45'),(42305,'42305 CLIENTE X42305','São Paulo','SP','2021-08-24 23:24:17','2021-08-25 19:39:45'),(43305,'43305 CLIENTE X43305','SÃO LUÍS','MA','2021-08-24 23:24:17','2021-08-25 19:39:45'),(44305,'44305 CLIENTE X44305','NATAL','RN','2021-08-24 23:24:17','2021-08-25 19:39:45'),(45305,'45305 CLIENTE X45305','SÃO PAULO','SP','2021-08-24 23:24:17','2021-08-25 19:39:45'),(46305,'46305 CLIENTE X46305','Jundiaí','SP','2021-08-24 23:24:17','2021-08-25 19:39:45'),(47305,'47305 CLIENTE X47305','FORTALEZA','CE','2021-08-24 23:24:17','2021-08-25 19:39:45'),(48305,'48305 CLIENTE X48305','SÃO JOSÉ DE RIBAMAR','MA','2021-08-24 23:24:17','2021-08-25 19:39:45'),(49305,'49305 CLIENTE X49305','BELO HORIZONTE','MG','2021-08-24 23:24:17','2021-08-25 19:39:45'),(50305,'50305 CLIENTE X50305','JOÃO PESSOA','PB','2021-08-24 23:24:17','2021-08-25 19:39:45'),(51305,'51305 CLIENTE X51305','SAO PAULO','SP','2021-08-24 23:24:17','2021-08-25 19:39:45'),(52305,'52305 CLIENTE X52305','BELEM','PA','2021-08-24 23:24:17','2021-08-25 19:39:45'),(53305,'53305 CLIENTE X53305','RECIFE','PE','2021-08-24 23:24:17','2021-08-25 19:39:45'),(54305,'54305 CLIENTE X54305','BELO HORIZONTE','MG','2021-08-24 23:24:17','2021-08-25 19:39:45'),(55305,'55305 CLIENTE X55305','MACEIO','AL','2021-08-24 23:24:17','2021-08-25 19:39:45'),(56305,'56305 CLIENTE X56305','CURITIBA','PR','2021-08-24 23:24:17','2021-08-25 19:39:45'),(57305,'57305 CLIENTE X57305','GOIÂNIA','GO','2021-08-24 23:24:17','2021-08-25 19:39:45'),(58305,'58305 CLIENTE X58305','FORTALEZA','CE','2021-08-24 23:24:17','2021-08-25 19:39:45'),(59305,'59305 CLIENTE X59305','BARUERI','SP','2021-08-24 23:24:17','2021-08-25 19:39:45'),(60305,'60305 CLIENTE X60305','BELO HORIZONTE','MG','2021-08-24 23:24:17','2021-08-25 19:39:45'),(61305,'61305 CLIENTE X61305','BELÉM','PA','2021-08-24 23:24:17','2021-08-25 19:39:45'),(62305,'62305 CLIENTE X62305','DIADEMA','SP','2021-08-24 23:24:17','2021-08-25 19:39:45'),(63305,'63305 CLIENTE X63305','BRASÍLIA','DF','2021-08-24 23:24:17','2021-08-25 19:39:45'),(64305,'64305 CLIENTE X64305','GOIANIA','GO','2021-08-24 23:24:17','2021-08-25 19:39:45'),(65305,'65305 CLIENTE X65305','SÃO PAULO','SP','2021-08-24 23:24:17','2021-08-25 19:39:45'),(66305,'66305 CLIENTE X66305','RIO DE JANEIRO','RJ','2021-08-24 23:24:17','2021-08-25 19:39:45'),(67305,'67305 CLIENTE X67305','RIO DE JANEIRO','RJ','2021-08-24 23:24:17','2021-08-25 19:39:45'),(68305,'68305 CLIENTE X68305','Ribeirão Preto','SP','2021-08-24 23:24:17','2021-08-25 19:39:45'),(69305,'69305 CLIENTE X69305','SÃO PAULO','SP','2021-08-24 23:24:17','2021-08-25 19:39:45'),(70305,'70305 CLIENTE X70305','SÃO JOSÉ DO RIO PRETO','SP','2021-08-24 23:24:17','2021-08-25 19:39:45'),(71305,'71305 CLIENTE X71305','INDAIATUBA','SP','2021-08-24 23:24:17','2021-08-25 19:39:45'),(72305,'72305 CLIENTE X72305','SÃO PAULO','SP','2021-08-24 23:24:17','2021-08-25 19:39:45'),(73305,'73305 CLIENTE X73305','SÃO PAULO','SP','2021-08-24 23:24:17','2021-08-25 19:39:45'),(74305,'74305 CLIENTE X74305','RIO DE JANEIRO','RJ','2021-08-24 23:24:17','2021-08-25 19:39:45'),(75305,'75305 CLIENTE X75305','FORTALEZA','CE','2021-08-24 23:24:17','2021-08-25 19:39:45'),(76305,'76305 CLIENTE X76305','SANTO ANDRÉ','SP','2021-08-24 23:24:17','2021-08-25 19:39:45'),(77305,'77305 CLIENTE X77305','BELO HORIZONTE','MG','2021-08-24 23:24:17','2021-08-25 19:39:45'),(78305,'78305 CLIENTE X78305','FORTALEZA','CE','2021-08-24 23:24:17','2021-08-25 19:39:45'),(79305,'79305 CLIENTE X79305','RIO DE JANEIRO','RJ','2021-08-24 23:24:17','2021-08-25 19:39:45'),(80305,'80305 CLIENTE X80305','PIRACICABA','SP','2021-08-24 23:24:17','2021-08-25 19:39:45'),(81305,'81305 CLIENTE X81305','AMERICANA','SP','2021-08-24 23:24:17','2021-08-25 19:39:45'),(82305,'82305 CLIENTE X82305','SÃO PAULO','SP','2021-08-24 23:24:17','2021-08-25 19:39:45'),(83305,'83305 CLIENTE X83305','SÃO PAULO','SP','2021-08-24 23:24:17','2021-08-25 19:39:45'),(84305,'84305 CLIENTE X84305','BERTIOGA','SP','2021-08-24 23:24:17','2021-08-25 19:39:45'),(85305,'85305 CLIENTE X85305','VOLTA REDONDA','RJ','2021-08-24 23:24:17','2021-08-25 19:39:45'),(86305,'86305 CLIENTE X86305','MARINGÁ','PR','2021-08-24 23:24:17','2021-08-25 19:39:45'),(87305,'87305 CLIENTE X87305','SÃO PAULO','SP','2021-08-24 23:24:17','2021-08-25 19:39:45'),(88305,'88305 CLIENTE X88305','SAO LUIS','MA','2021-08-24 23:24:17','2021-08-25 19:39:45'),(89305,'89305 CLIENTE X89305','CAMPINA GRANDE','PB','2021-08-24 23:24:17','2021-08-25 19:39:45'),(90305,'90305 CLIENTE X90305','CRICIÚMA','SC','2021-08-24 23:24:17','2021-08-25 19:39:45'),(91305,'91305 CLIENTE X91305','São Paulo','SP','2021-08-24 23:24:17','2021-08-25 19:39:45'),(92305,'92305 CLIENTE X92305','SÃO PAULO','SP','2021-08-24 23:24:17','2021-08-25 19:39:45'),(93305,'93305 CLIENTE X93305','SÃO PAULO','SP','2021-08-24 23:24:17','2021-08-25 19:39:45'),(94305,'94305 CLIENTE X94305','URAÍ','PR','2021-08-24 23:24:17','2021-08-25 19:39:45'),(95305,'95305 CLIENTE X95305','RIO DE JANEIRO','RJ','2021-08-24 23:24:17','2021-08-25 19:39:45'),(96305,'96305 CLIENTE X96305','RIO DE JANEIRO','RJ','2021-08-24 23:24:17','2021-08-25 19:39:45'),(97305,'97305 CLIENTE X97305','SÃO LUÍS','MA','2021-08-24 23:24:17','2021-08-25 19:39:45'),(98305,'98305 CLIENTE X98305','VITÓRIA','ES','2021-08-24 23:24:17','2021-08-25 19:39:45'),(99305,'99305 CLIENTE X99305','RIO DE JANEIRO','RJ','2021-08-24 23:24:17','2021-08-25 19:39:45');
/*!40000 ALTER TABLE `customers` ENABLE KEYS */;
UNLOCK TABLES;

--
-- Table structure for table `orders`
--

DROP TABLE IF EXISTS `orders`;
/*!40101 SET @saved_cs_client     = @@character_set_client */;
/*!40101 SET character_set_client = utf8 */;
CREATE TABLE `orders` (
  `code` int(11) NOT NULL,
  `issue_date` date DEFAULT NULL,
  `customer_code` int(11) NOT NULL,
  `amount` decimal(15,4) DEFAULT '0.0000',
  `visible` enum('S','N') DEFAULT 'N',
  `created_at` timestamp NOT NULL DEFAULT '0000-00-00 00:00:00',
  `updated_at` timestamp NOT NULL DEFAULT CURRENT_TIMESTAMP ON UPDATE CURRENT_TIMESTAMP,
  PRIMARY KEY (`code`),
  KEY `customer_code` (`customer_code`),
  CONSTRAINT `fk_orders_customer_code` FOREIGN KEY (`customer_code`) REFERENCES `customers` (`code`)
) ENGINE=InnoDB DEFAULT CHARSET=latin1;
/*!40101 SET character_set_client = @saved_cs_client */;

--
-- Dumping data for table `orders`
--

LOCK TABLES `orders` WRITE;
/*!40000 ALTER TABLE `orders` DISABLE KEYS */;
INSERT INTO `orders` VALUES (2,'2021-08-27',13305,'8597.7000','N','0000-00-00 00:00:00','2021-08-28 00:26:21'),(4,'1899-12-30',15305,'7090.0000','N','0000-00-00 00:00:00','2021-08-28 00:50:32'),(5,'1899-12-30',19305,'10635.9000','N','0000-00-00 00:00:00','2021-08-28 00:47:41'),(6,'2021-08-27',10305,'418.8000','N','0000-00-00 00:00:00','2021-08-28 00:49:45');
/*!40000 ALTER TABLE `orders` ENABLE KEYS */;
UNLOCK TABLES;

--
-- Table structure for table `orders_items`
--

DROP TABLE IF EXISTS `orders_items`;
/*!40101 SET @saved_cs_client     = @@character_set_client */;
/*!40101 SET character_set_client = utf8 */;
CREATE TABLE `orders_items` (
  `ID` int(11) NOT NULL AUTO_INCREMENT,
  `order_code` int(11) DEFAULT NULL,
  `product_code` int(11) DEFAULT NULL,
  `quantity` decimal(15,4) DEFAULT '0.0000',
  `value` decimal(15,4) DEFAULT '0.0000',
  `amount` decimal(15,4) DEFAULT '0.0000',
  `created_at` timestamp NOT NULL DEFAULT '0000-00-00 00:00:00',
  `updated_at` timestamp NOT NULL DEFAULT CURRENT_TIMESTAMP ON UPDATE CURRENT_TIMESTAMP,
  PRIMARY KEY (`ID`),
  KEY `product_code` (`product_code`),
  KEY `order_code` (`order_code`),
  CONSTRAINT `fk_orders_items_order_code` FOREIGN KEY (`order_code`) REFERENCES `orders` (`code`),
  CONSTRAINT `fk_orders_items_product_code` FOREIGN KEY (`product_code`) REFERENCES `products` (`code`)
) ENGINE=InnoDB AUTO_INCREMENT=124305 DEFAULT CHARSET=latin1;
/*!40101 SET character_set_client = @saved_cs_client */;

--
-- Dumping data for table `orders_items`
--

LOCK TABLES `orders_items` WRITE;
/*!40000 ALTER TABLE `orders_items` DISABLE KEYS */;
INSERT INTO `orders_items` VALUES (104305,2,4305,'123.0000','69.9000','8597.7000','0000-00-00 00:00:00','2021-08-28 00:26:21'),(116305,5,305,'12.0000','34.9000','418.8000','0000-00-00 00:00:00','2021-08-28 00:47:41'),(117305,5,4305,'12.0000','100.0500','1200.6000','0000-00-00 00:00:00','2021-08-28 00:47:41'),(118305,5,305,'12.0000','34.9000','418.8000','0000-00-00 00:00:00','2021-08-28 00:47:41'),(119305,5,3305,'123.0000','69.9000','8597.7000','0000-00-00 00:00:00','2021-08-28 00:47:41'),(121305,6,305,'12.0000','34.9000','418.8000','0000-00-00 00:00:00','2021-08-28 00:49:45'),(122305,4,24305,'1.0000','100.0000','100.0000','0000-00-00 00:00:00','2021-08-28 00:50:33'),(123305,4,4305,'100.0000','69.9000','6990.0000','0000-00-00 00:00:00','2021-08-28 00:50:33');
/*!40000 ALTER TABLE `orders_items` ENABLE KEYS */;
UNLOCK TABLES;

--
-- Table structure for table `products`
--

DROP TABLE IF EXISTS `products`;
/*!40101 SET @saved_cs_client     = @@character_set_client */;
/*!40101 SET character_set_client = utf8 */;
CREATE TABLE `products` (
  `code` int(11) NOT NULL AUTO_INCREMENT,
  `description` varchar(50) DEFAULT NULL,
  `price` decimal(15,2) DEFAULT '0.00',
  `created_at` timestamp NOT NULL DEFAULT '0000-00-00 00:00:00',
  `updated_at` timestamp NOT NULL DEFAULT CURRENT_TIMESTAMP ON UPDATE CURRENT_TIMESTAMP,
  PRIMARY KEY (`code`)
) ENGINE=InnoDB AUTO_INCREMENT=99306 DEFAULT CHARSET=latin1;
/*!40101 SET character_set_client = @saved_cs_client */;

--
-- Dumping data for table `products`
--

LOCK TABLES `products` WRITE;
/*!40000 ALTER TABLE `products` DISABLE KEYS */;
INSERT INTO `products` VALUES (305,'Acabamento para Registro Cromado Blukit','34.90','2021-08-24 23:22:48','2021-08-24 23:22:48'),(1305,'Adaptador com Flange Soldável para Caixa DÁgua Tig','16.90','2021-08-24 23:22:48','2021-08-24 23:22:48'),(2305,'Cola de PVC Tigre 75g','19.90','2021-08-24 23:22:48','2021-08-24 23:22:48'),(3305,'Alicate Tramontina Corte Diagonal de Aço 6”','69.90','2021-08-24 23:22:48','2021-08-24 23:22:48'),(4305,'Alicate Tramontina Bico Meia Cana de Aço 6\"','69.90','2021-08-24 23:22:48','2021-08-24 23:22:48'),(5305,'Fita Adesiva Antiderrapante Preta 3M 5m','69.90','2021-08-24 23:22:48','2021-08-24 23:22:48'),(6305,'Arejador para Torneira Padrão Deca/Fabrimar Blukit','29.90','2021-08-24 23:22:48','2021-08-24 23:22:48'),(7305,'Arruela Lisa 5/16\" Bemfixa 20 Unidades','12.90','2021-08-24 23:22:48','2021-08-24 23:22:48'),(8305,'Aspersor Circular para Irrigação Tramontina','32.90','2021-08-24 23:22:48','2021-08-24 23:22:48'),(9305,'Autotransformador Bivolt Force Line 300VA','139.90','2021-08-24 23:22:48','2021-08-24 23:22:48'),(10305,'Autotransformador Bivolt Force Line 1010VA','199.90','2021-08-24 23:22:48','2021-08-24 23:22:48'),(11305,'Balde de Plástico Incolor Sanremo 15L','59.90','2021-08-24 23:22:48','2021-08-24 23:22:48'),(12305,'Batedor para Porta Tipo Bola Branco Bemfixa','19.90','2021-08-24 23:22:48','2021-08-24 23:22:48'),(13305,'Bateria Alcalina Duracell 9V','32.90','2021-08-24 23:22:48','2021-08-24 23:22:48'),(14305,'Bucha de Fixação com Anel em Nylon 8mm Bemfixa 10 ','12.90','2021-08-24 23:22:48','2021-08-24 23:22:48'),(15305,'Bucha de Fixação com Anel em Nylon 6mm Bemfixa 20 ','12.90','2021-08-24 23:22:48','2021-08-24 23:22:48'),(16305,'Bucha de Fixação com Anel em Nylon 10mm Bemfixa 6 ','12.90','2021-08-24 23:22:48','2021-08-24 23:22:48'),(17305,'Bucha Frog com Parafuso Philips 10mm Bemfixa','14.90','2021-08-24 23:22:48','2021-08-24 23:22:48'),(18305,'Bucha de Fixação em Nylon 5mm Bemfixa 20 unidades','12.90','2021-08-24 23:22:48','2021-08-24 23:22:48'),(19305,'Bucha de Fixação em Nylon 6mm Bemfixa 20 unidades','12.90','2021-08-24 23:22:48','2021-08-24 23:22:48'),(20305,'Cadeado Segredo de Latão Dourado Stam 25mm','26.90','2021-08-24 23:22:48','2021-08-24 23:22:48'),(21305,'Cadeado de Latão SM Dourado Pado 45mm','59.90','2021-08-24 23:22:48','2021-08-24 23:22:48'),(22305,'Caixa Organizadora com Tampa de Plástico Incolor S','54.90','2021-08-24 23:22:48','2021-08-24 23:22:48'),(23305,'Caixa Organizadora com Tampa de Plástico Incolor S','119.90','2021-08-24 23:22:48','2021-08-24 23:22:48'),(24305,'Capa para Terno com Zíper de Plástico Plast Leo','24.90','2021-08-24 23:22:48','2021-08-24 23:22:48'),(25305,'Cola de Madeira Pulvitec 100g','12.90','2021-08-24 23:22:48','2021-08-24 23:22:48'),(26305,'Cola de Madeira Pulvitec 250g','14.90','2021-08-24 23:22:48','2021-08-24 23:22:48'),(27305,'Convertedor de Ferrugem Tapmatic 100ml','24.90','2021-08-24 23:22:48','2021-08-24 23:22:48'),(28305,'Corrente para Cadeado em Aço Nº5 São Raphael','18.90','2021-08-24 23:22:48','2021-08-24 23:22:48'),(29305,'Desentupidor Tufão para Tubulações Overtime 5m','49.90','2021-08-24 23:22:48','2021-08-24 23:22:48'),(30305,'Desentupidor de Vaso Sanitário Multi','16.90','2021-08-24 23:22:48','2021-08-24 23:22:48'),(31305,'Chuveirinho Desviador Completo Branco Lorenzetti','29.90','2021-08-24 23:22:48','2021-08-24 23:22:48'),(32305,'Organizador de Gaveta Branco 7 Peças Purimax','99.90','2021-08-24 23:22:48','2021-08-24 23:22:48'),(33305,'Massa Durepoxi Loctite 100g','14.90','2021-08-24 23:22:48','2021-08-24 23:22:48'),(34305,'Emenda T para Jack F para Cabo Coaxial Interneed','14.90','2021-08-24 23:22:48','2021-08-24 23:22:48'),(35305,'Escada de Alumínio Botafogo 3 Degraus','279.90','2021-08-24 23:22:48','2021-08-24 23:22:48'),(36305,'Escada de Alumínio Botafogo 5 Degraus','289.90','2021-08-24 23:22:48','2021-08-24 23:22:48'),(37305,'Escápula com Bucha 6mm Bemfixa 4 unidades','14.90','2021-08-24 23:22:48','2021-08-24 23:22:48'),(38305,'Escápula com Bucha 6mm Multiuso 10 unidades','12.90','2021-08-24 23:22:48','2021-08-24 23:22:48'),(39305,'Escápula para Madeira 16x30mm Bemfixa 5 unidades','12.90','2021-08-24 23:22:48','2021-08-24 23:22:48'),(40305,'Escova de Aço Vonder 4 Fileiras com Cabo','19.90','2021-08-24 23:22:48','2021-08-24 23:22:48'),(41305,'Espanador de Pó Eletrostático Rosa Bralimpia','44.90','2021-08-24 23:22:48','2021-08-24 23:22:48'),(42305,'Extensor para Torneira com Arejador Blukit 14cm','59.90','2021-08-24 23:22:48','2021-08-24 23:22:48'),(43305,'Arejador Japonês para Torneira Overtime','12.90','2021-08-24 23:22:48','2021-08-24 23:22:48'),(44305,'Fita Adesiva Transparente Durex 12mmx50m','12.90','2021-08-24 23:22:48','2021-08-24 23:22:48'),(45305,'Fita Isolante Auto Fusão Preta 3M - 19mm x 2m','12.90','2021-08-24 23:22:48','2021-08-24 23:22:48'),(46305,'Fita Dupla Face com Suporte Scotch 3M - 12,7mmx6,3','24.90','2021-08-24 23:22:48','2021-08-24 23:22:48'),(47305,'Fita Isolante Imperial 3M - 18mmx20m','14.90','2021-08-24 23:22:48','2021-08-24 23:22:48'),(48305,'Fixador para Fio Paralelo 1,5 a 2,5mm Bemfixa 20 P','16.90','2021-08-24 23:22:48','2021-08-24 23:22:48'),(49305,'Fixador para Fio Paralelo 4mm Bemfixa 20 Peças','17.90','2021-08-24 23:22:48','2021-08-24 23:22:48'),(50305,'Parafusadeira e Furadeira Black + Decker CD961-BR ','399.90','2021-08-24 23:22:48','2021-08-24 23:22:48'),(51305,'Gancho com Bucha 8mm Bemfixa 4 unidades','14.90','2021-08-24 23:22:48','2021-08-24 23:22:48'),(52305,'Gancho para Madeira 30x14 mm Bemfixa 5 unidades','12.90','2021-08-24 23:22:48','2021-08-24 23:22:48'),(53305,'Gancho para Madeira 30x15 mm Bemfixa 5 unidades','12.90','2021-08-24 23:22:48','2021-08-24 23:22:48'),(54305,'Garrafa com Bico Gole Gut de Plástico Sanremo 250m','16.90','2021-08-24 23:22:48','2021-08-24 23:22:48'),(55305,'Inseticida Aerossol Mata Cupim Jimo 400ml','49.90','2021-08-24 23:22:48','2021-08-24 23:22:48'),(56305,'Kit Chave Allen de 1,5mm a 10,0mm 10 Peças Stanley','79.90','2021-08-24 23:22:48','2021-08-24 23:22:48'),(57305,'Kit Bateprego Bemfixa 67 Peças','59.90','2021-08-24 23:22:48','2021-08-24 23:22:48'),(58305,'Lâmina para Estilete 9mm 10 peças Vonder','14.90','2021-08-24 23:22:48','2021-08-24 23:22:48'),(59305,'Lâmpada Bolinha Incandescente Leitosa Sadokin 15W ','12.90','2021-08-24 23:22:48','2021-08-24 23:22:48'),(60305,'Raloklin para Limpeza de Ralos e Tubos 4 Doses','39.90','2021-08-24 23:22:48','2021-08-24 23:22:48'),(61305,'Lubrificante Spray Antiferrugem Superlub Loctite 3','19.90','2021-08-24 23:22:48','2021-08-24 23:22:48'),(62305,'Luva Soldável em PVC com Bucha de Latão Azul Tigre','14.90','2021-08-24 23:22:48','2021-08-24 23:22:48'),(63305,'Luva de Correr para Tubo Soldável em PVC Marrom 25','27.90','2021-08-24 23:22:48','2021-08-24 23:22:48'),(64305,'Luva Multiuso de Latex Revestida Tamanho G Laranja','14.90','2021-08-24 23:22:48','2021-08-24 23:22:48'),(65305,'Luva Multiuso de Latex Revestida Tamanho M Laranja','14.90','2021-08-24 23:22:48','2021-08-24 23:22:48'),(66305,'Luva de Forno em Algodão Metalizado Cinza Assessor','19.90','2021-08-24 23:22:48','2021-08-24 23:22:48'),(67305,'Martelo Unha 20mm Tramontina','49.90','2021-08-24 23:22:48','2021-08-24 23:22:48'),(68305,'Martelo Unha 23mm Tramontina','54.90','2021-08-24 23:22:48','2021-08-24 23:22:48'),(69305,'Massa Adesiva Plástica Branca Iberê 400g','19.90','2021-08-24 23:22:48','2021-08-24 23:22:48'),(70305,'Caixa Organizadora com Tampa de Plástico Incolor S','89.90','2021-08-24 23:22:48','2021-08-24 23:22:48'),(71305,'Parafuso Rosca Máquina com Porca e Arruela 5/32\" x','14.90','2021-08-24 23:22:48','2021-08-24 23:22:48'),(72305,'Parafuso Rosca Máquina com Porca e Arruela 5/32\"x1','14.90','2021-08-24 23:22:48','2021-08-24 23:22:48'),(73305,'Parafuso Rosca Máquina com Porca e Arruela 1/4\"x3/','12.90','2021-08-24 23:22:48','2021-08-24 23:22:48'),(74305,'Parafuso Rosca Máquina com Porca e Arruela 1/4\" x ','12.90','2021-08-24 23:22:48','2021-08-24 23:22:48'),(75305,'Parafuso Rosca Máquina com Porca e Arruela 1/4\"x 2','12.90','2021-08-24 23:22:48','2021-08-24 23:22:48'),(76305,'Parafuso Rosca Máquina com Porca e Arruela 3/16\" x','14.90','2021-08-24 23:22:48','2021-08-24 23:22:48'),(77305,'Parafuso Rosca Máquina com Porca e Arruela 3/16\" x','14.90','2021-08-24 23:22:48','2021-08-24 23:22:48'),(78305,'Parafuso Rosca Máquina com Porca e Arruela 3/16\"x ','14.90','2021-08-24 23:22:48','2021-08-24 23:22:48'),(79305,'Parafuso Rosca Máquina com Porca e Arruela 3/16\"x ','14.90','2021-08-24 23:22:48','2021-08-24 23:22:48'),(80305,'Suporte Gancho Multiuso Maxeb','35.90','2021-08-24 23:22:48','2021-08-24 23:22:48'),(81305,'Gancho Multiuso para Parede/Teto Max Eberhardt','34.90','2021-08-24 23:22:48','2021-08-24 23:22:48'),(82305,'Pilha Alcalina D Grande Duracell 2 Unidades','49.90','2021-08-24 23:22:48','2021-08-24 23:22:48'),(83305,'Pilha Alcalina C Média Duracell 2 Unidades','39.90','2021-08-24 23:22:48','2021-08-24 23:22:48'),(84305,'Pilha Alcalina AAA Duralock Duracell 2 Unidades','16.90','2021-08-24 23:22:48','2021-08-24 23:22:48'),(85305,'Pilha Alcalina Pequena AA Duralock Duracell 2 Unid','16.90','2021-08-24 23:22:48','2021-08-24 23:22:48'),(86305,'Bateria Botão Lithium CR2025 Duracell 3V','17.90','2021-08-24 23:22:48','2021-08-24 23:22:48'),(87305,'Pilha Alcalina MIN21/A23 Duracell 12V','19.90','2021-08-24 23:22:48','2021-08-24 23:22:48'),(88305,'Bateria Botão Lithium CR2016 Duracell 3V','17.90','2021-08-24 23:22:48','2021-08-24 23:22:48'),(89305,'Pincel Trincha 2 Atlas','10.90','2021-08-24 23:22:48','2021-08-24 23:22:48'),(90305,'Porta Grelha Quadrado Branco Tigre 150mm','16.90','2021-08-24 23:22:48','2021-08-24 23:22:48'),(91305,'Prego de Aço com Cabeça 1,60x20mm Bemfixa 20 Unida','12.90','2021-08-24 23:22:48','2021-08-24 23:22:48'),(92305,'Prego de Aço com Cabeça 2x25mm Bemfixa 20 Unidades','12.90','2021-08-24 23:22:48','2021-08-24 23:22:48'),(93305,'Prego de Aço com Cabeça 2,40x30mm Bemfixa 20 Unida','12.90','2021-08-24 23:22:48','2021-08-24 23:22:48'),(94305,'Regador de Jardim Boulevard Sanremo 2L','29.90','2021-08-24 23:22:48','2021-08-24 23:22:48'),(95305,'Kit Salva Registro Fácil 10 em 1 Blukit','89.90','2021-08-24 23:22:48','2021-08-24 23:22:48'),(96305,'Resistência Chuveiro M/JS3/T43 Lorenzetti 5500W - ','29.90','2021-08-24 23:22:48','2021-08-24 23:22:48'),(97305,'Rolo de Pintura Lã de Carneiro com Suporte Atlas 9','18.90','2021-08-24 23:22:48','2021-08-24 23:22:48'),(98305,'Serrote de Poda Utility 12\" Tramontina','49.90','2021-08-24 23:22:48','2021-08-24 23:22:48'),(99305,'Silicone para Limpeza Carnu 100ml','29.90','2021-08-24 23:22:48','2021-08-24 23:22:48');
/*!40000 ALTER TABLE `products` ENABLE KEYS */;
UNLOCK TABLES;

--
-- Dumping events for database 'teste_wk'
--

--
-- Dumping routines for database 'teste_wk'
--
/*!40103 SET TIME_ZONE=@OLD_TIME_ZONE */;

/*!40101 SET SQL_MODE=@OLD_SQL_MODE */;
/*!40014 SET FOREIGN_KEY_CHECKS=@OLD_FOREIGN_KEY_CHECKS */;
/*!40014 SET UNIQUE_CHECKS=@OLD_UNIQUE_CHECKS */;
/*!40101 SET CHARACTER_SET_CLIENT=@OLD_CHARACTER_SET_CLIENT */;
/*!40101 SET CHARACTER_SET_RESULTS=@OLD_CHARACTER_SET_RESULTS */;
/*!40101 SET COLLATION_CONNECTION=@OLD_COLLATION_CONNECTION */;
/*!40111 SET SQL_NOTES=@OLD_SQL_NOTES */;

-- Dump completed on 2021-08-27 21:04:58
